{"train_acc":99.17625075663868,"val_loss":0.018251470286486438,"final_accuracy":0.9942851875748917,"recall":0.9942851875748917,"train_loss":0.029238285965432008,"_wandb":{"runtime":2591},"epoch":5,"val_acc":99.42851875748917,"_runtime":2461.424238,"_step":5,"f1":0.9942528538180442,"_timestamp":1.746247444195882e+09,"learning_rate":4.142714804267276e-10,"precision":0.9943635990320944}