{
    "top_20_indices": [
        20,
        369,
        391,
        231,
        286,
        259,
        14,
        401,
        261,
        279,
        451,
        195,
        436,
        141,
        343,
        118,
        11,
        233,
        328,
        84
    ],
    "top_20_weights": [
        0.8471876382827759,
        0.8471981883049011,
        0.8471992611885071,
        0.847206175327301,
        0.8472204208374023,
        0.8472371697425842,
        0.8472486734390259,
        0.8472753167152405,
        0.8472777605056763,
        0.8472951054573059,
        0.8473145365715027,
        0.8473441004753113,
        0.8474374413490295,
        0.8474522829055786,
        0.8475956916809082,
        0.8476116061210632,
        0.8476149439811707,
        0.8476831912994385,
        0.8477057814598083,
        0.8477439284324646
    ],
    "bottom_20_indices": [
        225,
        506,
        227,
        344,
        440,
        335,
        377,
        117,
        162,
        36,
        182,
        177,
        336,
        297,
        291,
        280,
        353,
        431,
        223,
        278
    ],
    "bottom_20_weights": [
        0.5629838705062866,
        0.8180181980133057,
        0.8322713375091553,
        0.8322765231132507,
        0.8329305648803711,
        0.833365261554718,
        0.8334800004959106,
        0.834651529788971,
        0.8347345590591431,
        0.8349376916885376,
        0.8352193832397461,
        0.8352436423301697,
        0.835795521736145,
        0.8360745906829834,
        0.8365400433540344,
        0.8371113538742065,
        0.8373361229896545,
        0.8377429842948914,
        0.8380411267280579,
        0.8380926847457886
    ],
    "mean_weight": 0.8440548181533813,
    "std_weight": 0.012762894853949547,
    "median_weight": 0.8455393314361572,
    "min_weight": 0.5629838705062866,
    "max_weight": 0.8477439284324646
}