{"val_accuracy":0.9511520737327189,"_step":10,"val_acc":95.11520737327189,"_runtime":21.224756,"learning_rate":0.0005,"val_f1":0.950271823118839,"train_acc":96.90056458117294,"val_precision":0.9523016206134205,"val_recall":0.9511520737327189,"_wandb":{"runtime":25},"epoch":10,"val_loss":0.1705371904805789,"train_loss":0.08748484509723152,"_timestamp":1.7461926389065988e+09}