{"_wandb":{"runtime":2586},"train_loss":0.0052506174959410104,"train_acc":98.9972892596784,"val_loss":0.019551572446485966,"_runtime":2586.143068,"learning_rate":2.071357402133638e-09,"_step":4,"epoch":5,"val_acc":99.41930131809383,"mi_lambda":0.01,"_timestamp":1.746250161309035e+09,"attention_distribution":{"_type":"histogram","values":[1,0,0,0,0,0,0,0,0,0,0,0,0,0,0,0,0,0,0,0,0,0,0,0,0,0,0,0,0,0,0,0,0,0,0,0,0,0,0,0,0,0,0,0,0,0,0,0,0,0,0,0,0,0,0,1,0,0,2,10,18,90,237,153],"bins":[0.5878813862800598,0.5916174650192261,0.5953535437583923,0.5990895628929138,0.6028256416320801,0.6065617203712463,0.6102977991104126,0.6140338182449341,0.6177698969841003,0.6215059757232666,0.6252420544624329,0.6289780735969543,0.6327141523361206,0.6364502310752869,0.6401863098144531,0.6439223289489746,0.6476584076881409,0.6513944864273071,0.6551305651664734,0.6588666439056396,0.6626026630401611,0.6663387417793274,0.6700748205184937,0.6738108992576599,0.6775469183921814,0.6812829971313477,0.6850190758705139,0.6887551546096802,0.6924911737442017,0.6962272524833679,0.6999633312225342,0.7036994099617004,0.7074354887008667,0.7111715078353882,0.7149075865745544,0.7186436653137207,0.7223796844482422,0.7261157631874084,0.7298518419265747,0.733587920665741,0.7373239994049072,0.7410600185394287,0.744796097278595,0.7485321760177612,0.7522682547569275,0.7560043334960938,0.7597403526306152,0.7634764313697815,0.7672125101089478,0.7709485292434692,0.7746846079826355,0.7784206867218018,0.782156765460968,0.7858928442001343,0.7896288633346558,0.793364942073822,0.7971010208129883,0.8008370995521545,0.8045731782913208,0.8083091974258423,0.8120452761650085,0.8157813549041748,0.8195173740386963,0.8232534527778625,0.8269895315170288]}}