{"_wandb":{"runtime":5340},"learning_rate":0.0005,"val_acc":98.91234215135036,"mi_lambda":0.05,"bottom_attention_weights":{"_type":"histogram","values":[1,0,0,0,0,0,0,0,0,0,0,0,0,0,0,1,0,0,0,0,0,0,0,0,0,0,0,0,0,0,0,0,1,0,0,0,0,0,0,0,0,1,0,0,1,0,0,0,0,0,0,1,1,0,0,0,0,0,0,1,0,0,1,1],"bins":[0.27306175231933594,0.2765836715698242,0.2801056206226349,0.28362753987312317,0.28714948892593384,0.2906714081764221,0.2941933274269104,0.29771527647972107,0.30123719573020935,0.30475914478302,0.3082810640335083,0.3118029832839966,0.31532493233680725,0.31884685158729553,0.3223688006401062,0.3258907198905945,0.32941263914108276,0.33293458819389343,0.3364565074443817,0.3399784564971924,0.34350037574768066,0.34702229499816895,0.3505442142486572,0.3540661633014679,0.35758811235427856,0.36111003160476685,0.3646319508552551,0.3681538701057434,0.3716758191585541,0.37519773840904236,0.378719687461853,0.3822416067123413,0.3857635259628296,0.38928547501564026,0.39280739426612854,0.3963293433189392,0.3998512625694275,0.40337318181991577,0.40689513087272644,0.4104170501232147,0.4139389991760254,0.41746091842651367,0.42098283767700195,0.4245047867298126,0.4280267059803009,0.4315486550331116,0.43507057428359985,0.43859249353408813,0.4421144425868988,0.4456363618373871,0.44915831089019775,0.45268023014068604,0.4562021493911743,0.4597240686416626,0.46324601769447327,0.46676796674728394,0.4702898859977722,0.4738118052482605,0.4773337244987488,0.48085567355155945,0.4843776226043701,0.4878995418548584,0.4914214611053467,0.49494338035583496,0.49846532940864563]},"_step":9,"train_acc":98.01300102639682,"train_loss":-0.07000344905587579,"epoch":10,"_runtime":5340.493796,"attention_distribution":{"_type":"histogram","values":[1,0,0,0,0,0,1,0,0,0,0,0,0,0,1,0,0,1,0,1,0,0,2,0,0,1,1,2,1,1,2,8,6,9,1,9,11,9,15,9,15,27,17,25,28,33,26,30,30,37,26,22,24,18,12,12,11,7,7,3,5,3,1,1],"bins":[0.27306175231933594,0.28119707107543945,0.2893323600292206,0.2974676787853241,0.3056029677391052,0.31373828649520874,0.32187357544898987,0.3300088942050934,0.3381441831588745,0.346279501914978,0.35441482067108154,0.36255010962486267,0.3706854283809662,0.3788207173347473,0.38695603609085083,0.39509135484695435,0.4032266438007355,0.4113619327545166,0.4194972515106201,0.42763257026672363,0.43576785922050476,0.4439031779766083,0.4520384669303894,0.4601737856864929,0.46830910444259644,0.47644439339637756,0.4845796823501587,0.4927150011062622,0.5008503198623657,0.5089856386184692,0.5171209573745728,0.5252562165260315,0.533391535282135,0.5415268540382385,0.5496621131896973,0.5577974319458008,0.5659327507019043,0.5740680694580078,0.5822033882141113,0.5903387069702148,0.5984739661216736,0.6066092848777771,0.6147446036338806,0.6228798627853394,0.6310151815414429,0.6391505002975464,0.6472858190536499,0.6554211378097534,0.6635564565658569,0.6716917753219604,0.6798270344734192,0.6879623532295227,0.6960976123809814,0.704232931137085,0.7123682498931885,0.720503568649292,0.7286388874053955,0.736774206161499,0.7449095249176025,0.7530447840690613,0.7611801028251648,0.7693153619766235,0.777450680732727,0.7855859994888306,0.7937213182449341]},"val_loss":0.036584953936867615,"_timestamp":1.746192616694159e+09,"top_attention_weights":{"values":[2,0,0,1,0,1,0,0,0,0,0,0,0,1,0,0,0,0,1,0,0,0,1,0,1,0,0,0,0,0,0,0,0,0,0,0,0,0,1,0,0,0,0,0,0,0,0,0,0,0,0,0,0,0,0,0,0,0,0,0,0,0,0,1],"bins":[0.761346161365509,0.7618520259857178,0.7623578906059265,0.7628637552261353,0.763369619846344,0.7638754844665527,0.7643813490867615,0.7648872137069702,0.765393078327179,0.7658989429473877,0.7664048075675964,0.7669106125831604,0.7674164772033691,0.7679223418235779,0.7684282064437866,0.7689340710639954,0.7694399356842041,0.7699458003044128,0.7704516649246216,0.7709575295448303,0.7714633941650391,0.7719692587852478,0.7724751234054565,0.7729809880256653,0.773486852645874,0.7739927172660828,0.7744985818862915,0.7750044465065002,0.775510311126709,0.7760161757469177,0.7765220403671265,0.7770279049873352,0.777533769607544,0.7780395746231079,0.7785454392433167,0.7790513038635254,0.7795571684837341,0.7800630331039429,0.7805688977241516,0.7810747623443604,0.7815806269645691,0.7820864915847778,0.7825923562049866,0.7830982208251953,0.783604085445404,0.7841099500656128,0.7846158146858215,0.7851216793060303,0.785627543926239,0.7861334085464478,0.7866392731666565,0.7871451377868652,0.787651002407074,0.7881568670272827,0.7886626720428467,0.7891685366630554,0.7896744012832642,0.7901802659034729,0.7906861305236816,0.7911919951438904,0.7916978597640991,0.7922037243843079,0.7927095890045166,0.7932154536247253,0.7937213182449341],"_type":"histogram"}}