{"_runtime":3376.035041,"epoch":10,"recall":0.9942851875748917,"val_loss":0.01785775666806143,"f1":0.994283187089372,"learning_rate":0.0001,"_timestamp":1.746170507763366e+09,"_wandb":{"runtime":20143},"val_acc":99.42851875748917,"final_accuracy":0.9942851875748917,"precision":0.9943783650597492,"train_acc":99.47101086927916,"_step":10,"train_loss":0.017621105984902352}